Product Name,New Price,Old Price,Discount (%),Brand,Items Left,Rating,Time Left
DR.DESS Dry Skin Hair Removal Cream Men and Women Fast Shaving Hair Removal Cream Painless Hair Removing Effective Hair Removal Cream For Face Armpit Leg Intimate Parts,KSh 399,KSh 600,34%,DR.DESS,7 items left,4 out of 5,N/A
DR.DESS Sensitive Skin Hair Removal Cream Men and Women Fast Shaving Hair Removal Cream Painless Hair Removing Effective Hair Removal Cream For Face Armpit Leg Intimate Parts,KSh 399,KSh 600,34%,DR.DESS,20 items left,3.7 out of 5,N/A
"Oale Camon 40 4G - 6.6"" 128GB ROM 8GB RAM 20MP 5750mAh MediaTek Processor Dual-SIM (With Earphones, Glass Protector, Cover) - Black","KSh 10,330","KSh 12,000",14%,Oale,40 items left,3.2 out of 5,N/A
"Itel A06 6.6"" HD+, 64GB, 2GB RAM, 4000mAh - Black","KSh 8,335","KSh 9,000",7%,Itel,40 items left,3.5 out of 5,N/A
"Samsung Galaxy A06, 6.7"", 4GB RAM+ 64GB (Dual SIM), 5000mAh, Black (1YR WRTY)","KSh 11,000","KSh 14,322",23%,Samsung,30 items left,4.2 out of 5,N/A
"XIAOMI Redmi 15C, 4G, 6.9"", 8GB RAM + 256GB, 6000mAh, Black (25 Months Warranty)","KSh 18,220","KSh 19,860",8%,XIAOMI,1 item left,4.4 out of 5,N/A
"Samsung Galaxy A07, 6.7"", 4GB RAM + 128GB RM (Dual SIM), 5000mAh, Black (2YRs WRTY)","KSh 14,200","KSh 15,000",5%,Samsung,42 items left,4.3 out of 5,N/A
"Poco M6 Pro 4G, 6.67"", 8GB RAM + 256GB ROM, 5000mAh (Dual SIM) - Black (25 Months WRTY)","KSh 17,700","KSh 30,000",41%,Poco,62 items left,4.5 out of 5,N/A
Amtec AM-006 15000W Multimedia System 2.1CH FM/SD/BT/USB (1YR WRTY).,"KSh 7,980","KSh 9,708",18%,Amtec,1 item left,4 out of 5,N/A
Hisense H20MOMS11 - 20 Liters Microwave - White (2YRs WRTY),"KSh 7,390","KSh 12,399",40%,Hisense,22 items left,4.3 out of 5,N/A
"XIAOMI Redmi 15 4G, 6.9"", 8GB RAM + 256GB, 7000mAh, Black (25 Months Warranty)","KSh 20,790","KSh 25,000",17%,XIAOMI,3 items left,4.2 out of 5,N/A
"Infinix Hot 60i 4G, 6.7"", 8GB RAM + 256GB, 5160mAh (Dual SIM), Black  (1YR WRTY)","KSh 17,540","KSh 18,000",3%,Infinix,30 items left,4.1 out of 5,N/A
"Vitron HTC3288QS, 32 inch QLED Smart Android TV, QLED Smart TV, Android TV, Q LED - Black (1YR WRTY)","KSh 10,999","KSh 18,999",42%,Vitron,22 items left,4 out of 5,N/A
"Redmi 15C By Xiaomi, 6.9"", 4GB RAM + 128GB (Dual SIM), 6000mAh, Black (25 Months Warranty)","KSh 13,290","KSh 15,000",11%,Redmi,49 items left,4.2 out of 5,N/A
"Vitron HTC4300QFS 43 Smart Android TV, 43 inch QLED TV, Full HD Frameless Smart TV, Bluetooth Q LED FHD TV - Black (1YR WRTY)","KSh 17,999","KSh 25,999",31%,Vitron,19 items left,4 out of 5,N/A
"Tecno Spark 40 Pro, 6.78'', 128GB + 8GB RAM (+8GB Extended), (Dual Sim), 5200mAh - Ink Black (1YR WRTY)","KSh 18,599","KSh 19,000",2%,Tecno,30 items left,4.6 out of 5,N/A
Vision Plus 10KG Twin Tub Top Load Washing Machine - White & Blue (2YRS WRTY),"KSh 25,000","KSh 26,055",4%,Vision,7 items left,4.3 out of 5,N/A
Hisense REF094DR Fridge 94 Liters Single Door 94 L Fridge 94ltr Refrigerator 94L Fridge - Silver (2YRs WRTY).,"KSh 15,570","KSh 25,399",39%,Hisense,40 items left,4.3 out of 5,N/A
"Infinix Smart 20, 6.78"", 128GB +4GB RAM, 5200mAh (Dual SIM) - Sunlike Orange (1YR WRTY)","KSh 13,550","KSh 15,000",10%,Infinix,13 items left,N/A,N/A
"Vision Plus VP8843SW 43"" Frameless FHD Smart TV – Netflix/YouTube/500+ Apps, Inbuilt Decoder DVB-T2/S2, Bluetooth, Dolby Audio + Free Wall Mount (2YRS WRTY)","KSh 19,500","KSh 24,000",19%,Vision,10 items left,3.8 out of 5,N/A
"Vision Plus VP8850QV 50"" QLED 4K Smart TV – Netflix/YouTube/Prime Video, Inbuilt Decoder, Dolby Audio, Quantum Dot Display + Free Wall Mount (2YRS WRTY)","KSh 34,070","KSh 38,000",10%,Vision,10 items left,3.8 out of 5,N/A
"Tecno Camon 40 Pro 4G, 6.78 Inches 8GB RAM+256GB, 5200 Mah - Galaxy Black (2YRs WRTY)","KSh 33,999","KSh 35,000",3%,Tecno,30 items left,4 out of 5,N/A
"Vision Plus 3 Gas + 1 Electric Plate 50X50 Standing Cooker with Gas Oven, Black- (2 YRs WRTY)","KSh 18,499","KSh 39,995",54%,Vision,10 items left,4 out of 5,N/A
Vision Plus 138L Double Door Refrigerator CFC Free with Fast Cooling,"KSh 26,710","KSh 29,000",8%,Vision,10 items left,N/A,N/A
Vision Plus 8KG Slim Fully Automatic Front Load Washing Machine,"KSh 38,640","KSh 45,000",14%,Vision,10 items left,N/A,N/A
DR.DESS Papaya Brightening Face Toner 120ml  minimizes pores Brightens and reduce dark spots,KSh 559,KSh 999,44%,DR.DESS,10 items left,N/A,N/A
"DR.DESS 2PCS Papaya Face Serum and Papaya Moisturizing Face cream Protects against Acne, Dark Spots, Freckles Reduces Skin Pigmentation and Anti Aging",KSh 699,"KSh 1,000",30%,DR.DESS,18 items left,N/A,N/A
DR.DESS Ginger Oil Strengthening Hair Serum Anti Hair Fall Hair Growth Nourishing Repair Damaged Roots Hydrating Softens Hair Reduces Breakage Revitalizes Restores Shine Protects Hair Daily Use,KSh 399,KSh 800,50%,DR.DESS,9 items left,N/A,N/A
"DR.DESS 2Pcs Collagen Face Serum and Face Cream hydrating firming boost skin elasticity, reduce the appearance of fine lines, and promote a youthful, radiant complexion",KSh 699,"KSh 1,000",30%,DR.DESS,10 items left,N/A,N/A
HDMI Male 1 To 2 Female Splitter Adapter Cable,KSh 49,KSh 108,55%,HDMI,1 item left,N/A,N/A
Femme Organics Flax Seeds,KSh 99,KSh 400,75%,Femme,1 item left,N/A,N/A
Handy Stitch Multi-Functional Hand-held Electric Mini Sewing Machine Kit,KSh 199,KSh 400,50%,Handy,6 items left,N/A,N/A
Salon Chair Hydraulic Base Floor Protective   Gasket,"KSh 1,399","KSh 2,057",32%,Salon,1 item left,N/A,N/A
1.8M DISPLAY PORT DP TO HDMI CABLE DP PVC Jacket HDTV Connector PC HDTV Projector 4K Audio Computer TV Adapter Display Port,KSh 299,KSh 860,65%,1.8M,1 item left,N/A,N/A
"Ai Cao Deodorizing Sports Insole - Soft, Comfortable, And Full Of Elasticity",KSh 49,KSh 134,63%,Ai,34 items left,N/A,N/A
Selfie Light for Phone Camera With 3 Lighting Modes,KSh 199,KSh 800,75%,Selfie,2 items left,N/A,N/A
Yale Y112 Iron Padlock,KSh 399,KSh 792,50%,Yale,1 item left,N/A,N/A
"BOMGE Wireless Handheld Microphone,Metal Dual VHF Cordless Dynamic",KSh 399,"KSh 2,913",86%,BOMGE,23 items left,4.3 out of 5,N/A
"AB Roller Wheel.Double Wheel Abs Trainer for Core Strength, Home Workout & Fitness Exercise",KSh 699,"KSh 1,000",30%,AB,20 items left,4.6 out of 5,N/A
"Grey Skin Touch Ultra-Slim Magnetic Protective Case for Samsung A17 – Luxurious Matte Finish, Shock-Resistant, Lightweight, Wireless Charging Compatible",KSh 699,"KSh 2,000",65%,Grey,1 item left,N/A,N/A
"3.5mm Audio Female to Dual Male Splitter - U-Shaped 1-in-2 Adapter for Wired Headset & Microphone, Huawei Compatible",KSh 99,KSh 655,85%,3.5mm,178 items left,N/A,N/A
Ard Alzaafran  Mousuf Wardi Perfume -100ML.,KSh 799,"KSh 2,200",64%,Ard,1 item left,N/A,N/A
"Laptop Skin Sticker,13.3"" 14"" 15"" 15.4"" 15.6 Universal Vinyl Skin Sticker Cover",KSh 399,KSh 850,53%,Laptop,1 item left,N/A,N/A
BOMGE Karaoke Microphone System With 2 Wireless Handheld Condenser,KSh 499,"KSh 3,150",84%,BOMGE,19 items left,1 out of 5,N/A
Versatile Orthodontic Care Kit.,KSh 999,"KSh 1,650",39%,Versatile,1 item left,N/A,N/A
12pc Essential Oils Humidifier,KSh 340,KSh 500,32%,12pc,50 items left,3.3 out of 5,N/A
"Advanced Vitamin C+ Booster Serum, Fades Dark Marks and Evens Skin Tone with BHA & Niacinamide for Hyperpigmentation - 30ml",KSh 499,"KSh 2,680",81%,Advanced,33 items left,N/A,N/A
1PCS Small Black Solid Color Blank Mouse Pad Rolled Sheet,KSh 99,KSh 169,41%,1PCS,395 items left,N/A,N/A
"Jx Note 13 6.6"" 64GB+4GB RAM 8MP Dual Sim 5000mAh...","KSh 6,099","KSh 9,999",39%,Jx,994 items left,N/A,N/A
Gold Heart Collarbone Necklace - Dainty & Fashionable for Women,KSh 49,KSh 174,72%,Gold,166 items left,5 out of 5,N/A
GALUIN 3pcs Warm winter snow socks plus velvet and thick wool socks-Black,KSh 99,"KSh 1,340",93%,GALUIN,11 items left,N/A,N/A
Eurochef ST-G002W  Two Burner Table Top Gas Cooker With Auto-ignition & Stainless Steel Top,"KSh 1,330","KSh 2,200",40%,Eurochef,100 items left,4.4 out of 5,N/A
"Modio M92 5G Android Tablet, 11"" Inches Display, 16GB RAM + 1TB, Dual SIM, 10000mAh With Keyboard & Stylus Pen  - black + Free Web Watch & Earpods","KSh 11,699","KSh 25,999",55%,Modio,943 items left,3.5 out of 5,N/A
KIRO Wireless Bluetooth Sports Noise Cancelling Transparent Earphones With Digital Panel,KSh 99,KSh 800,88%,KIRO,8 items left,N/A,N/A
Under The Door Space Sealer Noise Cold Pest Blocker,KSh 399,"KSh 1,200",67%,Under,1 item left,5 out of 5,N/A
"BOMGE Audio Mixer Line Mixer, Low-Noise 6-Channel Mixing","KSh 1,299","KSh 2,266",43%,BOMGE,2 items left,4 out of 5,N/A
Handy 18-Piece Portable Tool Kit For Home Maintenance.,"KSh 1,599","KSh 2,586",38%,Handy,1 item left,N/A,N/A
30pcs Breast Milk Freezer Storage Bags Freezable Portable Self Standing Pre-Sterilised Leakproof Baby Milk Bag Pieces 100% BPA-free,KSh 299,KSh 700,57%,30pcs,1 item left,5 out of 5,N/A
Educational Bar Magnetic With North South Identified 2Pcs,KSh 399,"KSh 1,202",67%,Educational,1 item left,N/A,N/A
"5Pcs Self-Adhesive Hooks - No Punching, Wall-Mounted Utility Hooks",KSh 199,KSh 438,55%,5Pcs,3 items left,N/A,N/A
"Kitchen Cook Manual Spin Cutter – Easy Pull Food Chopper for Vegetables, Garlic, Salads & More (450ml)","KSh 1,299","KSh 1,900",32%,Kitchen,1 item left,N/A,N/A
Clock and Crown Vintage Style Men Band Rings for the Bold and Masculine Stainless Steel Finger Rings for Men Suits Formal and Everyday Looks,KSh 99,KSh 299,67%,Clock,1 item left,N/A,N/A
Premium Herbal Insoles For Odor Control Comfort  Suitable All Climates  Footwear,KSh 49,KSh 134,63%,Premium,22 items left,N/A,N/A
NUO BEI QU APP Jumping Egg G Spot Clitoris Vibrator,KSh 199,KSh 800,75%,NUO,14 items left,N/A,N/A
"100pcs Multicolor Balloons, Birthday Wedding Holiday Party Decorations",KSh 199,KSh 603,67%,100pcs,1 item left,N/A,N/A
"EkoShay Women's Handbags, Purses, And Sling Bags Collection",KSh 399,"KSh 1,000",60%,EkoShay,5 items left,N/A,N/A
Steel Angle Guard And Bracket Replacement Parts For,KSh 499,"KSh 1,147",56%,Steel,1 item left,N/A,N/A
Creative Vintage Farmhouse  Barbershop Chair Model,"KSh 2,899","KSh 4,626",37%,Creative,1 item left,N/A,N/A
Huda Beauty 4pcs Liquid Matte Lipgloss Super Stay Ink Lip Gloss Stain  LIPSTICK,KSh 199,KSh 800,75%,Huda,1 item left,N/A,N/A
NUO BEI QU Two In One  G Spot Clitoris tongue licking Vibrator,KSh 199,KSh 800,75%,NUO,14 items left,N/A,N/A
Generic Couple Pendant Necklace Rhinestone I Love You Heart Puzzle Chain,KSh 49,KSh 99,51%,Generic,1 item left,N/A,N/A
Wireless Earphones Bluetooth 5.3 Game Music Headphones Black,"KSh 1,099","KSh 1,785",38%,Wireless,2 items left,2 out of 5,N/A
4 Layer Multi Corner Shelf Tension Pole-Bathroom Organizer,"KSh 1,568","KSh 2,000",22%,4,20 items left,3.9 out of 5,N/A
3D Fashion Back To School Leather Shoes,KSh 699,"KSh 1,899",63%,3D,1 item left,N/A,N/A
2/2.7/3M Outdoor Umbrella Garden Cover Parasol Repment Umbrella Surface Rainproof Sunshade Canopy Garden Sun Shelter,"KSh 3,899","KSh 7,004",44%,2/2.7/3M,1 item left,N/A,N/A
Cr Digital Tv Remote Control,KSh 699,"KSh 1,500",53%,Cr,1 item left,N/A,N/A
Originals Extra Virgin Hair Mayonnaise With Olive Oil Treatment,"KSh 1,199","KSh 1,968",39%,Originals,1 item left,N/A,N/A
4Pcs Set Of Stainless Aluminum Sufuria cooking sufuria Size 1 2 3 4 plus free 6 spoons -without Lids,KSh 893,"KSh 1,500",40%,4Pcs,30 items left,3.2 out of 5,N/A
"L'Oréal Paris Glycolic Cleanse & Protect Kit, Glycolic Bright Cleanser Foam 100ml, Glycolic Bright Melasy Serum 30ml","KSh 2,520","KSh 3,150",20%,L'Oréal,30 items left,N/A,N/A
Wins Town maca extreme curve for hip and butt(capsules),KSh 899,"KSh 3,000",70%,Wins,1 item left,N/A,N/A
"6pcs Colorful & Bright Child Touch Hand Ball Toy Infant Sensory Balls Massage Soft Ball, 6-12 Months Baby Learning Grasping Soft Sensory Toys For Kids Gift",KSh 699,"KSh 1,319",47%,6pcs,1 item left,N/A,N/A
Anti-Theft Laptop Backpack with USB Charging Port- GREY,KSh 899,"KSh 1,863",52%,Anti-Theft,1 item left,N/A,N/A
Men's Floral Canvas Sneakers  Lightweight & Stylish Casual Footwear Green-EU 44,KSh 999,"KSh 1,800",45%,Men's,1 item left,N/A,N/A
Car Insurance Cards Pocket Display For Mitsubishi - White,KSh 99,KSh 350,72%,Car,1 item left,N/A,N/A
Men's Comfortable Sneakers Men White-EU 44,KSh 999,"KSh 1,800",45%,Men's,1 item left,N/A,N/A
Kitchen Gloves,KSh 199,KSh 699,72%,Kitchen,1 item left,N/A,N/A
Egg Boiler 7Eggs Electric Egg Steamer And Poacher,KSh 988,"KSh 2,000",51%,Egg,20 items left,4.5 out of 5,N/A
Women's Fashion Zipper Crossbody Bag-Black,KSh 299,"KSh 1,080",72%,Women's,1 item left,4.8 out of 5,N/A
Astra 6 way slots Power Extension with 4 USB Ports Cables and Surge Protection- 2500w,KSh 399,"KSh 1,524",74%,Astra,1 item left,N/A,N/A
"Tecno  Pop 20 128GB+UPTO 8GB (4GB Extended RAM) 120Hz 6.75"" Display IP64 Dust & Water Resistance 13MP Camera UNISOC T7250 Processor 5000mA+(12 MONTHS WARRANTY)+Tg speaker+Power bank+Otg type c","KSh 14,699","KSh 20,000",27%,Tecno,896 items left,N/A,N/A
"Ai Cao Cotton Linen Insole - Sweat Absorbing, Breathable, Refreshing Comfortable",KSh 49,KSh 161,70%,Ai,81 items left,N/A,N/A
"Itel A24 Pro - 4G/LTE Network, 32GB ROM + Up to 4GB RAM (2+2) 5MP (Dual Sim)+Free Power bank+Web watch+Earpods+Otg type c","KSh 5,799","KSh 10,000",42%,Itel,884 items left,5 out of 5,N/A
Infinix Note 11 Liquid Soft Silicone Case/cover,KSh 499,"KSh 1,010",51%,Infinix,1 item left,N/A,N/A
6 Way With 3 USB Ports Multiplug Power Extension Socket Power Cables.,KSh 650,"KSh 1,000",35%,6,20 items left,4.1 out of 5,N/A
car Crystal Coating agent for plastic parts remove stains and restore automotive interior and exterior 30ml,KSh 499,"KSh 1,092",54%,car,1 item left,N/A,N/A
Aworky Limited Table Mat Size 4pcs,KSh 499,KSh 950,47%,Aworky,14 items left,N/A,N/A
6 Ton S Ale    Ulation Height Ja K Stand Repair Tool For 1/1,KSh 899,"KSh 1,619",44%,6,1 item left,4 out of 5,N/A
HUAHUA HUAHUA Crossbody Bag Messenger Bag Men's Bag Large Capacity,"KSh 1,199","KSh 1,903",37%,HUAHUA,1 item left,N/A,N/A
NIVEA Refreshing Face Wash For Women - 150ml.,KSh 616,KSh 755,18%,NIVEA,19 items left,4.5 out of 5,N/A
Made Boxer Pour Hommes - 5PCS,KSh 399,"KSh 1,754",77%,Made,8 items left,N/A,N/A
"IPhone 14/Plus/Pro/ProMax Screen Protector, Auto Dust-Elimination Installation, Bubble Free","KSh 1,099","KSh 1,820",40%,IPhone,2 items left,5 out of 5,N/A
Lifebuoy Family Soap Total 4x175g,KSh 938,N/A,N/A,Lifebuoy,16 items left,5 out of 5,N/A
Car Insurance Cards Pocket Display For Ford - Black,KSh 99,KSh 350,72%,Car,1 item left,N/A,N/A
ARHANORY Stainless Steel Hand Chain Men Classic Bracelet - Silver,KSh 201,KSh 659,69%,ARHANORY,103 items left,3.8 out of 5,N/A
Electronic Digital Display Vernier Caliper Electric,KSh 399,"KSh 1,000",60%,Electronic,1 item left,5 out of 5,N/A
Beauty  3PCS Aloe Vera Cracked Lips Healing Balm Pink Lips Effect Lip Gloss,KSh 199,KSh 899,78%,Beauty,1 item left,N/A,N/A
Femme Organics Dewormer Colon Cleanser,KSh 299,KSh 800,63%,Femme,1 item left,N/A,N/A
LOOPITYS Clamp LED Rechargeable Table Lamp  Desk Lamp Usb Charging,KSh 899,"KSh 1,752",49%,LOOPITYS,26 items left,4.5 out of 5,N/A
Slots Cover Business Funda For Velvet 5g V50 V60 V40 G8s G8 G7 Thinq Stylo 5 6 V30 K61 K51 S K41s Q60 K50 K40 Case Coque – Grey,KSh 399,KSh 802,50%,Slots,1 item left,N/A,N/A
"Euroken HS-26LC24T2 24"" Inch Digital LED TV - HD Clear Color, Inbuilt Decoder, HDMI & USB","KSh 4,799","KSh 7,200",33%,Euroken,110 items left,3.9 out of 5,N/A
"Samsung Galaxy A06, 6.7'' Display, 4GB RAM + 64GB ROM (Dual Sim) 50MP Camera, 5000mAh - Black+LEDwatch+Powerbank","KSh 11,450","KSh 19,999",43%,Samsung,84 items left,3.5 out of 5,N/A
Sokany Classic 2 Slice Automatic Breakfast Bread Toaster- Non Stick,"KSh 1,690","KSh 3,780",55%,Sokany,50 items left,3.9 out of 5,N/A
Blue Plastic Descant Recorder CBC Kids Musical Flute Instrument,KSh 199,KSh 700,72%,Blue,1 item left,N/A,N/A
Men's Elegant Office Flat PU Leather Loafer Oxfords Casual Shoes White-EU 42,KSh 999,"KSh 2,025",51%,Men's,1 item left,N/A,N/A
"15.6"" Laptop Bag Men Backpack Business Backpacks With USB Charging Jack Rucksack",KSh 899,"KSh 1,715",48%,"15.6""",1 item left,N/A,N/A
"Luxo Premium Carbon Fiber Tribal Case With MagSafe Attraction For Samsung Galaxy S24 Ultra – Sleek, Durable, And Magnetic",KSh 899,"KSh 1,499",40%,Luxo,1 item left,N/A,N/A
MATHEMATICAL SET CLEAR TRANSPARENT,KSh 399,KSh 990,60%,MATHEMATICAL,1 item left,N/A,N/A
"Portable Hot, Or Warm Electric Room Heater Warmer,","KSh 2,400","KSh 5,000",52%,Portable,50 items left,4.1 out of 5,N/A
Non Stick Pan 26 cm-Black,KSh 799,"KSh 1,500",47%,Non,1 item left,N/A,N/A
4Pcs sufuria with Free Scrubber,KSh 846,"KSh 1,500",44%,4Pcs,30 items left,5 out of 5,N/A
ARHANORY Cuban Iced Out Link Necklace Hip Hop Cuban Link Chain-Silver,KSh 603,"KSh 1,133",47%,ARHANORY,92 items left,4.1 out of 5,N/A
Wireless Headphones Bluetooth 5.0 Neckband Earphones Headset Halter Waterproof Magnetic Earphones,KSh 399,KSh 895,55%,Wireless,7 items left,N/A,N/A
NIVEA Repair & Care Body Lotion For Women - 400ml (Pack Of 2).,"KSh 1,029","KSh 1,340",23%,NIVEA,30 items left,4.6 out of 5,N/A
Aworky Limited Soother Chain Soft Teether Pacifier Toy For Infant Kids,KSh 99,KSh 250,60%,Aworky,3 items left,N/A,N/A
"45W Rechargeable 2-in-1 Portable Blender Juicer with 400ml x2 Cups – USB Rechargeable Smoothie Maker for Fruits, Shakes, and Baby Food",KSh 799,"KSh 3,400",77%,45W,1 item left,N/A,N/A
NUO BEI QU Cute Rabbit G Spot Clitoris Double Shock,KSh 999,"KSh 2,680",63%,NUO,7 items left,N/A,N/A
Helix Mathematical Set+ Calculator,KSh 999,"KSh 3,500",71%,Helix,1 item left,N/A,N/A
New Styleish Round Toe Men's Handmade pu Leather Oxford  Shoes Black-EU 42,KSh 499,"KSh 1,560",68%,New,1 item left,N/A,N/A
"Itel A24 Pro - 4G/LTE Network, 32GB ROM + Up to 4GB RAM (2+2) 5MP (Dual Sim)+12 MONTHS WARRANTY","KSh 4,499","KSh 10,000",55%,Itel,895 items left,N/A,N/A
Macro Electric Deep Fryer Machine Electric - 6L + Free Chips Cutter,"KSh 4,600","KSh 11,000",58%,Macro,100 items left,4.3 out of 5,N/A
Nunix Air Fryer Large Capacity With Visible Basket 5L,"KSh 4,800","KSh 9,000",47%,Nunix,50 items left,4.6 out of 5,N/A
Two Powerful Induction Remote Controlled Solar Lamps,KSh 199,KSh 800,75%,Two,39 items left,N/A,N/A
ARABIC KB STICKER NORMAL,KSh 199,KSh 999,80%,ARABIC,1 item left,N/A,N/A
Dvee Organics Hydraglow Gentle Moisturizer - Barrier Repair And Rejuvenating Cream/ Light Weight Suitable For Combination & Oily Skin,KSh 399,KSh 900,56%,Dvee,6 items left,N/A,N/A
DVD Player Compact HDMI AV Cable USB Input UHD 1080P 5.1 Stereo Surround Region-Free CD Player for Karaoke Study at,"KSh 2,599","KSh 4,100",37%,DVD,1 item left,N/A,N/A
unique 5Kg tight lid storage container,KSh 499,"KSh 1,129",56%,unique,2 items left,N/A,N/A
Maximum Comfort  Reusable  Breast Pads,KSh 299,KSh 700,57%,Maximum,1 item left,N/A,N/A
"Wall Hanging Wall Art- Decorated, Floral Home Decor Prints,canvas,wall art,mural and Wall art",KSh 999,"KSh 2,000",50%,Wall,20 items left,N/A,N/A
Yale Y112 Iron Padlock,KSh 399,KSh 999,60%,Yale,2 items left,N/A,N/A
Mythco Under Cabinet Lighting USB Charging Motion Sensor Night Lighting 30CM Warm White,KSh 399,KSh 701,43%,Mythco,63 items left,4.1 out of 5,N/A
"XIAOMI  Redmi 14C, 6.88"" (4GB RAM+128GB Storage) (Dual Sim) 5160mAh - Black2 swima","KSh 14,899","KSh 22,000",32%,XIAOMI,991 items left,N/A,N/A
Car Insurance Cards Pocket Display For BMW - White,KSh 199,KSh 350,43%,Car,3 items left,N/A,N/A
2025 Men's Sporty Platform High Top Lightweight Fitness Sneakers Black-EU 42,KSh 999,"KSh 1,800",45%,2025,5 items left,N/A,N/A
Women Shoes Ladies Shoes Sneakers Black/Red-EU 38,"KSh 1,199","KSh 1,750",31%,Women,1 item left,N/A,N/A
Human hair black pixie,"KSh 1,399","KSh 3,500",60%,Human,1 item left,N/A,N/A
New Young Fashion Trendy Board Shoes Cream/Blue-EU 46,KSh 699,"KSh 1,500",53%,New,2 items left,N/A,N/A
"Martin Boots Durable, And Stylish Footwear For Every Occasion Black-EU 44","KSh 1,299","KSh 2,300",44%,Martin,2 items left,N/A,N/A
"LASA LASA 1-UP Full Sheet A4 Adhesive Labels 100 Sheets – Self-Adhesive Paper for Laser Inkjet Printer, Filing & Office Daily Use",KSh 199,KSh 800,75%,LASA,19 items left,N/A,N/A
"32mm Medium Metal Binder Clips 32 Pcs,for Office,School,Home.black",KSh 499,"KSh 1,068",53%,32mm,5 items left,N/A,N/A
"Modio M68 Kids Tablet, 6GB RAM + 128GB ROM - Pink","KSh 5,299","KSh 8,999",41%,Modio,968 items left,5 out of 5,N/A
"Made Vegetable Chopper  - Mandoline Slicer & Food Cutter, Multi-Blade Veggie Chopper",KSh 199,"KSh 1,884",89%,Made,24 items left,N/A,N/A
ITEL S26ULTRA SILICON COVER,KSh 399,KSh 949,58%,ITEL,2 items left,N/A,N/A
Applicable To OnePlus 9pro TPU Screen Protector OnePlus 12 Anti-Peep Film OnePlus 11 Blue Light 1 Plus 10pro Full Screen 8 Mobile Phone Film,KSh 499,"KSh 3,301",85%,Applicable,1 item left,N/A,N/A
Vitumbua Pan 7 Holes For Baking,KSh 699,"KSh 1,357",48%,Vitumbua,1 item left,N/A,N/A
"CYFAZA Cutting Boards for Kitchen, Large-Small Cutting Board Set of 3, Dishwasher Safe, Juice Groove, Easy Grip Handle, Non-Slip Rubber Cutting Board",KSh 952,"KSh 1,688",44%,CYFAZA,47 items left,4.5 out of 5,N/A
C15 BASS Bluetooth Portable Speaker With FM/USB,"KSh 1,199","KSh 1,847",35%,C15,1 item left,N/A,N/A
Wireless Mouse,KSh 199,KSh 760,74%,Wireless,15 items left,N/A,N/A
Men’s Short Sleeve Breathable T-Shirt – Korean Style Round Neck Casual Sports Tee for Teens & Adults - Black/White/Yellow,KSh 266,"KSh 2,660",90%,Men’s,45 items left,4 out of 5,N/A
Show Cat Eye Sunglasses - Stylish Design,KSh 199,KSh 570,65%,Show,36 items left,3 out of 5,N/A
Sparo Karate /Martial Arts/Taekwondo/Judo Waist Belt,KSh 299,KSh 800,63%,Sparo,1 item left,N/A,N/A
"ANGLICOLOR Eyebrow Cream Upgraded Version With Press Type Fine Brush Head, Waterproof Eyebrow Cream",KSh 399,"KSh 1,435",72%,ANGLICOLOR,1 item left,1 out of 5,N/A
Men Shoes Loafers Casual Shoes Slip-On Brown-EU 43,KSh 899,"KSh 1,716",48%,Men,1 item left,N/A,N/A
"Ambie True Wireless Earbuds AM-TW01 AMBIE, Bluetooth Ear Clips",KSh 299,"KSh 2,349",87%,Ambie,1 item left,N/A,N/A
"Itel A24 Pro - 4G/LTE Network, 32GB ROM + Up to 4GB RAM (2+2) 5MP (Dual Sim)+Free Power bank","KSh 4,699","KSh 9,000",48%,Itel,878 items left,2 out of 5,N/A
Nunix Saloon Blow Dry Hair Dryer And Accessories,"KSh 1,469","KSh 2,400",39%,Nunix,50 items left,3.9 out of 5,N/A
Xoss Bicycle Computer Mount Plastic Holder,KSh 499,"KSh 1,142",56%,Xoss,1 item left,N/A,N/A
"Samsung S20 ULTRA Soft Silicone Back Case Cover – Shockproof, Anti-Slip, Slim Fit",KSh 399,"KSh 1,500",73%,Samsung,1 item left,N/A,N/A
"GALUIN 2025 Women's Comfortable Casual Slippers, Plus Size Flat Peep Toe Outdoor Sandals",KSh 499,"KSh 2,238",78%,GALUIN,1 item left,N/A,N/A
Compressed Air Duster-Good Replace Compressed Air Can-Reusable Keyboard Cleaner-Car Duster-Air Blower-Electric,KSh 399,"KSh 2,000",80%,Compressed,1 item left,N/A,N/A
"Digital Countdown Timer With Magnetic Back, Loud Alarm & 199 Minute Setting",KSh 199,"KSh 1,571",87%,Digital,47 items left,N/A,N/A
LOOPITYS Clamp LED Rechargeable Table Lamp  Desk Lamp Usb Charging,KSh 399,"KSh 2,610",85%,LOOPITYS,34 items left,N/A,N/A
Accessory Innovation Lot De 4 Boxers Classiques Pour Hommes,KSh 699,"KSh 1,345",48%,Accessory,28 items left,N/A,N/A
UNCOVER Perfect & Radiant LUMINOUS630 ANTI DARK MARKS Serum,KSh 199,KSh 691,71%,UNCOVER,14 items left,N/A,N/A
1 Pc Men's Cuban Necklace Punk Stainless Steel 5mm/7mm Curb - Gold,KSh 49,KSh 578,92%,1,1 item left,2.7 out of 5,N/A
"Infinix Smart 10 6.6 Inches, Up To 8GB RAM + 128GB ROM, 5000MAh, Network 4G, (Dual Sim)+GIFTS","KSh 12,999","KSh 20,000",35%,Infinix,883 items left,5 out of 5,N/A
NGUVU Celebrity Style Luxury Fashion Unisex Sunglasses - Transparent Gray,KSh 99,KSh 348,72%,NGUVU,1 item left,N/A,N/A
Sokany Portable Single Plate Electric Induction Cooker,"KSh 3,599","KSh 8,900",60%,Sokany,100 items left,4.3 out of 5,N/A
12pcs Small Whistling Rockets With Report Fireworks,KSh 199,KSh 523,62%,12pcs,1 item left,N/A,N/A
"YL New Star Small Clip Headpiece, Hairclip Material, Metal (Pair Set)",KSh 199,KSh 729,73%,YL,1 item left,3.7 out of 5,N/A
LOOPITYS Clamp LED Rechargeable Table Lamp  Desk Lamp Usb Charging,KSh 899,"KSh 1,474",39%,LOOPITYS,37 items left,N/A,N/A
Set of 6pcs 300ML High Quality Shining Whiskey Glasses Cup.,KSh 799,"KSh 1,500",47%,Set,1 item left,N/A,N/A
AILYONS Professional Cordless Hair Clipper/Shaving Kinyozi Machine & Balding,"KSh 2,800","KSh 5,600",50%,AILYONS,50 items left,5 out of 5,N/A
Travel Portable Disposable Soap Flakes With Storage Box,KSh 49,KSh 66,26%,Travel,11 items left,N/A,N/A
"P47 Bluetooth Headphone, Wireless With Mem Card Slot",KSh 490 - KSh 499,KSh 800,39%,P47,50 items left,3.8 out of 5,N/A
SILVER CREST Commercial Heavy Duty Blender 2 in 1 Blender,"KSh 2,999","KSh 4,500",33%,SILVER,50 items left,3.9 out of 5,N/A
Car Engine Car Auto Diagnostic Scanner Tool Blue Tooth OBD2 Check Fault Detector Repair ELM327 Mini OBDII Diagnosis Bluetooth Device OBD 2 Automotive Code Reader Scan (HH Advance),KSh 699,"KSh 1,500",53%,Car,1 item left,N/A,N/A
TMF New Sports Quick Dry Men's Vest Summer Outdoor New Gym Fitness Clothing Breathable Lightweight Plus Size O-neck Tank-Black,KSh 469,"KSh 4,690",90%,TMF,24 items left,4.7 out of 5,N/A
2-meter Three In One Streamer Data Cable,KSh 499,"KSh 1,072",53%,2-meter,6 items left,N/A,N/A
Halter Neck Wireless Bluetooth Headphones,KSh 199,KSh 700,72%,Halter,95 items left,N/A,N/A
"Ai Cao Cotton Linen Insole - Sweat Absorbing, Breathable, Refreshing Comfortable",KSh 49,KSh 161,70%,Ai,48 items left,N/A,N/A
"Modio M68 Kids Tablet, 6GB RAM + 128GB ROM - Blue + LED Watch","KSh 5,399","KSh 6,999",23%,Modio,91 items left,4.2 out of 5,N/A
Sky blue high quality denim jeans,"KSh 1,199","KSh 2,200",46%,Sky,1 item left,N/A,N/A
"Infinix  XPad Tablet, 11'' FHD+ Bright Display, 90Hz,  4GB RAM + 256GB, 7000mAh Battery WiFi Only (No Sim Card)","KSh 17,599","KSh 29,999",41%,Infinix,996 items left,4.5 out of 5,N/A
"Garnier Micellar Water with Vitamin C, Facial Cleanser & Makeup Remover, Brightening & Hydrating, For All Skin Types, Vegan, Cruelty Free, 13.5 Fl Oz (400mL)",KSh 620,KSh 775,20%,Garnier,30 items left,4.4 out of 5,N/A
Men's Casual Shoes Big Size Sneakers Blue/Gray-EU 43.,KSh 999,"KSh 1,800",45%,Men's,1 item left,N/A,N/A
"Martin Boots Durable, And Stylish Footwear For Every Occasion Black-EU 40",KSh 899,"KSh 1,978",55%,Martin,1 item left,N/A,N/A
Made Boxer Pour Hommes - 5PCS,KSh 399,"KSh 1,754",77%,Made,7 items left,N/A,N/A
"Digabi Cartoon Youngsters' Teething Toy - Durable, Silicone, Multiple Colors (Pink, Blue, Green, Yellow, Purple), Cute Animal Designs, Helps Prevent Gagging, Promotes Dental Health, Assists in Teeth Removal, Youngsters'S Teething Toys",KSh 523,"KSh 1,742",70%,Digabi,26 items left,N/A,N/A
Guitar Chord Assisted Learning Tools,KSh 199,KSh 800,75%,Guitar,26 items left,5 out of 5,N/A
Universal Upgraded Auto Glass Windscreen Repair Tools Scratch Crack Restore Repair Tool Car Windshield Crack Fix Repair Kit,KSh 799,"KSh 1,500",47%,Universal,1 item left,N/A,N/A
Amaya High Quality Sound Ear Pod,KSh 999,"KSh 2,400",58%,Amaya,1 item left,N/A,N/A
Femme Organics Chamomile Flower Tea,KSh 99,KSh 400,75%,Femme,2 items left,N/A,N/A
Wired Mouse RGB Gaming Ergoomic Optical Computer Mouse,KSh 199,KSh 760,74%,Wired,59 items left,N/A,N/A
"Men Sneaker Shoes, Business Office Shoes For Men, Leather Slip on Shoes for Men",KSh 499,"KSh 1,187",58%,Men,1 item left,N/A,N/A
Infinix HOT 60i Display: 6.7 HD RAM: 4GB (Expandable up to 8GB) ROM: 128GB DUAL SIM  SW BDS,"KSh 14,699","KSh 25,000",41%,Infinix,888 items left,3.8 out of 5,N/A
STY Children's Portable Bluetooth Speaker Mini Wireless Microphone Colorful Light Karaoke Sound System Karaoke Machines,KSh 919,"KSh 1,340",31%,STY,56 items left,3.4 out of 5,N/A
"Aluminum Alloy Mini High-Power Flashlight, Home Emergency Lighting Flashlight, Powered by LED AA Batteries, LED Mini Flashlight",KSh 399,KSh 793,50%,Aluminum,194 items left,N/A,N/A
"Smart Pro SKL-816 Electric Kettle, 2L, 1500W - Silver/Black",KSh 799,"KSh 3,999",80%,Smart,60 items left,3.9 out of 5,N/A
Fisher Price First Words Puppy Qe,KSh 499,"KSh 3,083",84%,Fisher,5 items left,4 out of 5,N/A
2025 Men's Sporty Platform High Top Lightweight Fitness Sneakers Black-EU 43,KSh 199,KSh 800,75%,2025,5 items left,N/A,N/A
2025 The Newst Smartwatch S10,KSh 199,KSh 800,75%,2025,7 items left,N/A,N/A
Men's Casual Shoes Sneakers Big Size Brown/blue-EU 41,KSh 299,KSh 900,67%,Men's,2 items left,N/A,N/A
"Vivo  Y21d (8GB RAM + 256GB ROM) - 6500mAh 5-Year Health Battery, IP69+ Waterproof, 44W FlashCharge, 90Hz Display-Coral Red+Smartwatch+otg+Power Bank+USB drive","KSh 24,199","KSh 25,249",4%,Vivo,998 items left,N/A,N/A
Kitchen Electronic Scale Baking Small Electronic Scale Stainless Steel,KSh 899,"KSh 2,365",62%,Kitchen,7 items left,N/A,N/A
SUITCASE COVERS-Black,KSh 399,"KSh 1,395",71%,SUITCASE,1 item left,N/A,N/A
"Itel A90, 6.7"" Inch IPS LCD Display, 5000 MAh, 4+4 GB , 128 GB, Dual Sim SPORT LED","KSh 10,650","KSh 20,000",47%,Itel,20 items left,3.7 out of 5,N/A
NIVEA MEN Maximum Hydration Body Lotion For Men 400ml.,KSh 515,KSh 670,23%,NIVEA,19 items left,4.7 out of 5,N/A
Jeep Buluo Design Briefcase Bussines Bag,"KSh 2,199","KSh 3,600",39%,Jeep,1 item left,N/A,N/A
"Martin Boots Durable, And Stylish Footwear For Every Occasion Black-EU 41","KSh 1,199","KSh 2,300",48%,Martin,2 items left,N/A,N/A
Transparent Back Cover Clear Thin Case For Huawei Y9 Prime 2019/ P Smart Z Case/Honor 9X,KSh 399,KSh 950,58%,Transparent,1 item left,N/A,N/A
Simulation Miniature Bedside Table Wooden Bedroom Cabinet White,KSh 999,"KSh 1,799",44%,Simulation,1 item left,N/A,N/A
Made 40PCS Beauty Tools Big Combination Set Face Cleansing And Blusher Kit-coffee Color,"KSh 1,199","KSh 3,197",62%,Made,3 items left,5 out of 5,N/A
RGB LED Strip 5050 Multi Color Changing Flexible String Ribbon Tape,KSh 199,KSh 740,73%,RGB,1 item left,N/A,N/A
"NIVEA MEN Deep Anti-Perspirant Roll-On For Men, 72h- 50 ml.",KSh 374,KSh 520,28%,NIVEA,9 items left,4.5 out of 5,N/A
"addigoes Memory Foam Bath Mat, Non-Slip Absorbent Bathroom Rug - Ultra Soft Quick-Dry Washable Bathroom Floor Mat for Safety & Comfort (17‘’x24‘’, Dark Gray)",KSh 879,"KSh 1,758",50%,addigoes,67 items left,3.9 out of 5,N/A
Men's Sleeveless Vest - Black/White/Grey,KSh 199,KSh 799,75%,Men's,1 item left,N/A,N/A
KIRO Pro3 In-ear Stereo Sports Headphones Wireless Headphones,KSh 199,KSh 951,79%,KIRO,14 items left,N/A,N/A
Women Comfortable Non Slip Casual Shoes Breathable Mesh Black/Blue-EU 40,KSh 699,"KSh 1,539",55%,Women,1 item left,N/A,N/A
Nunix Popcake Maker 18 Holes,KSh 399,"KSh 1,998",80%,Nunix,1 item left,N/A,N/A
Men's Footwear Breathable Sandals Slippers Half Open Grey-EU 44,"KSh 1,199","KSh 1,900",37%,Men's,1 item left,N/A,N/A
Ultra Large Capacity Wireless Portable Electric Spray Paint Gun,"KSh 2,899","KSh 4,658",38%,Ultra,1 item left,N/A,N/A
"BT37 Wireless Earbuds Bluetooth Earphones, Neckband Sport Style",KSh 473,KSh 810,42%,BT37,263 items left,4 out of 5,N/A
Infinix HOT 60i Display: 6.7 HD RAM: 6GB (Expandable up to 12GB) ROM: 128GB DUAL SIM  BN,"KSh 14,399","KSh 25,000",42%,Infinix,99 items left,4.2 out of 5,N/A
2025 Men's Sporty Platform High Top Lightweight Fitness Sneakers Black-EU 40,KSh 999,"KSh 1,800",45%,2025,3 items left,5 out of 5,N/A
"Rechargeable Nail Dryer, LED Quick Drying Nail Light - Pink",KSh 499,"KSh 1,012",51%,Rechargeable,10 items left,N/A,N/A
NUO BEI QU Two In One  G Spot Clitoris Sucking Vibrator,KSh 199,KSh 800,75%,NUO,15 items left,N/A,N/A
"Brandcare Fabric Masks, 6 Pieces Pack",KSh 399,"KSh 1,400",72%,Brandcare,2 items left,N/A,N/A
New automatic camping hiking pocket knife with a switch,KSh 799,"KSh 1,485",46%,New,1 item left,N/A,N/A
Julystar Face Glitter Eye Shadow Glitter Body Glitter Stick,KSh 199,"KSh 1,138",83%,Julystar,2 items left,5 out of 5,N/A
"Tecno Spark 40, 6.67'' HD+, UP To 16GB RAM + 256GB ROM (Dual Sim) 50MP, 5200 MAh BN","KSh 17,899","KSh 32,000",44%,Tecno,895 items left,N/A,N/A
"Maybelline Fit Me Matte and Poreless Foundation for Normal to Oily Skin, Full Cover Blendable upto 12H - 356 WARM COCONUT, 30ml","KSh 1,432","KSh 1,790",20%,Maybelline,30 items left,4.3 out of 5,N/A
"Tecno Spark 40, 6.67'' HD+, UP To 16GB RAM + 256GB ROM (Dual Sim) 50MP, 5200 MAh WATCH PODS","KSh 18,550","KSh 30,000",38%,Tecno,890 items left,N/A,N/A
Ultra-Fine Fiber Cleaning Cloth - Multifunctional Wipe,KSh 199,KSh 371,46%,Ultra-Fine,30 items left,N/A,N/A
"Maybelline Fit Me Matte and Poreless Foundation for Normal to Oily Skin, Full Coverage Blendable upto 12H, Enriched with Clay - 365 Espresso, 30ml","KSh 1,432","KSh 1,790",20%,Maybelline,30 items left,4.4 out of 5,N/A
WiFi Smart Security Camera – HD Night Vision Outdoor Mini DV with Motion Detection,KSh 899,"KSh 1,608",44%,WiFi,1 item left,N/A,N/A
"Eurochef EC-6024(3+1) Standing Cooker - 3 Gas Burners, 1 Electric Plate & Storage Shelves","KSh 8,499","KSh 9,999",15%,Eurochef,96 items left,5 out of 5,N/A
STY Ladies Underarm Bag Women Handbag Black PU Bag Ribbon Decoration Small Bag Phone Bag,KSh 799,"KSh 1,340",40%,STY,58 items left,3.7 out of 5,N/A
For JBL Boombox 1  2 Protective Wrist Strap,KSh 899,"KSh 1,706",47%,For,1 item left,N/A,N/A
Mosquito Nets Without Stands 6x7 Blue Ultimate Protection Double Bed,KSh 999,"KSh 1,800",45%,Mosquito,11 items left,N/A,N/A
"Itel City 100 4G,13 MP""18GB RAM+128GB ROM""5200 MAh+GIFTS,TG SPEAKER","KSh 12,299","KSh 25,000",51%,Itel,879 items left,5 out of 5,N/A
Official Silicone Back Case Cover For Infinix Note 30 Pro Microfiber Inside Shockproof Full Body Protection,KSh 399,KSh 800,50%,Official,1 item left,N/A,N/A
C15 BASS Bluetooth Portable Speaker With FM/USB,KSh 999,"KSh 1,500",33%,C15,100 items left,3.3 out of 5,N/A
"Melao Colored Hair Wax, Long-lasting Styling, Disposable Dyeing Mud, Moisturizing Hair Dye, Hair Gel",KSh 99,"KSh 1,298",92%,Melao,2 items left,4 out of 5,N/A
Itel TWS BUDSNEO Noise Cancellation Earbuds,KSh 999,"KSh 1,782",44%,Itel,1 item left,N/A,N/A
"Martin Boots Sleek, Durable, And Stylish Footwear For Every Occasion Black-EU 40",KSh 899,"KSh 1,978",55%,Martin,1 item left,1 out of 5,N/A
TMF Casual Pants Ice Silk Men's Straight High Elastic Summer Youth Men's Long Pants,KSh 523,"KSh 5,226",90%,TMF,73 items left,3.7 out of 5,N/A
"Mosquito Net With Metallic Frame – 4 Stand – Available In 4x6, 5x6, 6x6 Bed Sizes",KSh 799,"KSh 3,500",77%,Mosquito,2 items left,N/A,N/A
"Car air freshener, room air freshener, office air freshener, solid cream Scented osmanthus",KSh 49,KSh 128,62%,Car,17 items left,3 out of 5,N/A
Mini Student Stationery Office Color Calculator 8-digit Calculation Solar Power Supply - Blue,KSh 99,KSh 174,43%,Mini,5 items left,N/A,N/A
New Young Fashion Trendy Board Shoes Cream/Blue-EU 43,KSh 499,"KSh 1,249",60%,New,2 items left,N/A,N/A
"MISSLAI Men's Sports Casual Shoes , Breathable, Mesh Upper",KSh 799,"KSh 1,350",41%,MISSLAI,1 item left,N/A,N/A
"Samsung Galaxy A05, 6.6'' Display,  4GB RAM + 64GB ROM (Dual Sim) 50MP Camera, 5000mAh - Silver","KSh 11,599","KSh 19,999",42%,Samsung,967 items left,4.2 out of 5,N/A
Men's Slim Fit Biker Jackets,"KSh 1,399","KSh 2,700",48%,Men's,1 item left,N/A,N/A
"Oraimo Watch 6 Nano 1.52"" TFT Full Touch Smart Watch","KSh 2,230","KSh 5,359",58%,Oraimo,25 items left,4 out of 5,N/A
"Sonar Stainless Steel 1.8Ltr Electric Kettle,1.5m Power Cord,1500W Fast Boil - Silver & Black (1YR WRTY)",KSh 459,KSh 749,39%,Sonar,10 items left,3.9 out of 5,N/A
Apple Smart Watch Band  size 42mm-49mm,KSh 899,"KSh 1,620",45%,Apple,1 item left,N/A,N/A
Sticker  F Arbitrary One Piece Just One Piece,KSh 2,KSh 99,98%,Sticker,8 items left,N/A,N/A
Yazole 2 Pair Of Couple Wrist Watch Casual PU Leather,KSh 399,KSh 871,54%,Yazole,7 items left,5 out of 5,N/A
Mythco Repair Tool Kit 122 In 1 Precision Screwdriver Set,KSh 781,"KSh 1,465",47%,Mythco,129 items left,4.4 out of 5,N/A
Tecno Camon 18 Slim Smooth Soft Silicone Case/cover,KSh 399,KSh 950,58%,Tecno,1 item left,N/A,N/A
Moringa Powder – 100% Pure for Skincare & Industrial Use – Natural & Chemical-Free,KSh 199,KSh 700,72%,Moringa,1 item left,N/A,N/A
Silicone Case Cover For IPhone 14 Pro Max,KSh 699,"KSh 1,600",56%,Silicone,1 item left,N/A,N/A
Beads silver shinny for sister locks,KSh 216,KSh 800,73%,Beads,1 item left,N/A,N/A
Music Notes 3d Printed Hoodie Sweatshirts Men Wome Winter Music Casual Long Sleeve Pullover Hip Hop Funny Streetwear Hoodies,KSh 299,"KSh 2,337",87%,Music,1 item left,N/A,N/A
"Infinix Note Edge, CURVED SCREEN, 6.67' Display, 8GB RAM + 256GB ROM, 50MP+13MP CAMERA, Battery 6150MAh (13 Months Warranty)+SMART WATCH+PB+EARBUDS,LY","KSh 32,990","KSh 40,000",18%,Infinix,896 items left,5 out of 5,N/A
sm baby Offer! Offer! PREMIUM  School Bag Children's School Bag First Space Backpack for Primary School Boys &Girls Waterproof Back to School Bags Multicolor,KSh 899,"KSh 1,499",40%,sm,1 item left,N/A,N/A
Cute 24cm Nice Girl Doll Toy Dress Clothes Wear Gi,"KSh 1,199","KSh 2,100",43%,Cute,1 item left,N/A,N/A
"Maybelline Volume Express Colossal 100% Black Mascara, Collagen-enriched Formula for Enhanced Volume, Provides voluminous and dramatic eyelashes, 10.7ml","KSh 1,026","KSh 1,350",24%,Maybelline,30 items left,4.4 out of 5,N/A
